Sector,Portfolio A Exposure (%),Portfolio B Exposure (%)
Banking,33.33333333333333,18.000000000000004
IT,33.33333333333333,34.0
Pharma,33.33333333333333,48.0
